annual_spending,frequency,recency_days,avg_order_value,customer_id,cluster
5496.714153011233,53.577873603482836,7.0278617060281645,237.8494308322676,1,1
4861.735698828816,55.60784526368234,12.003124885231136,153.89173379111872,2,1
5647.688538100692,60.830512431752766,15.026218498590916,243.480296005283,3,1
6523.029856408026,60.53802052034903,15.234902968823711,267.78189294024753,4,1
4765.846625276664,36.22330632042909,12.749672642603782,220.67174516118504,5,1
4765.863043050819,40.62174960084877,18.114249661737492,293.8397906279033,6,1
6579.2128155073915,55.1503526720866,9.661897853087028,161.31054004482135,7,1
5767.434729152908,55.13785950912209,14.288102574893532,137.76726483442914,8,1
4530.525614065048,55.150476863060476,15.601478158559495,111.06398755478607,9,1
5542.560043585965,88.52731490654722,17.572194170293745,274.8022155744592,10,1
4536.5823071875375,55.70890510693167,18.55807439044445,232.71828281770289,11,1
4534.270246429744,61.35565640180599,9.376789540810654,197.22076645447726,12,1
5241.962271566034,59.54001763493203,7.329429146321889,213.998431315991,13,1
3086.719755342202,56.51391251305798,21.388384109492545,143.72554763508117,14,1
3275.082167486967,46.84730755359654,16.661570059897958,322.2875989808413,15,1
4437.712470759027,57.589692204932675,11.257567317217232,206.46105909876138,16,1
3987.1688796655762,42.27174785462428,22.755759877612615,205.46973973024464,17,1
5314.247332595274,47.63181393259991,15.578373171464293,236.28833119493459,18,1
4091.9759244787892,45.14636452170897,20.896485920319133,224.05046158683567,19,1
3587.6962986647086,50.81874139386323,15.337592407050545,211.19420121395657,20,1
6465.648768921554,73.14658566673509,25.303739624409936,160.4762772277344,21,1
4774.223699513464,31.32734807408252,23.77670421221602,223.57341785679978,22,1
5067.528204687924,56.86260190374514,13.755179257604633,294.1012248237517,23,1
3575.251813786543,33.87284128810349,19.85785475477178,267.27100230774886,24,1
4455.617275474818,45.280681342105666,18.226879747925736,279.65933133196984,25,1
5110.922589709866,60.889505969673664,21.843157787661745,174.43921617844074,26,1
3849.006422577697,50.64280019095463,10.175382697099478,150.51975898707096,27,1
5375.698018345672,39.22255222070694,18.430257299992196,193.7106539950176,28,1
4399.361310081195,42.84696290740032,20.29212243424794,202.78624561443473,29,1
4708.306250206723,56.79597748934676,6.206302567884428,254.70957592354742,30,1
4398.293387770603,42.69633368282864,9.083707436671125,115.37676851425903,31,1
6852.278184508938,52.16458589581975,4.803839111199498,276.4775159730307,32,1
4986.502775262066,50.45571839903814,13.652965827777212,192.09960507105052,33,1
3942.2890710440997,43.483996523941826,18.58771127897981,178.655946502629,34,1
5822.544912103189,71.43944089325325,22.51178526048014,149.39478123699163,35,1
3779.1563500289776,56.33919022318011,15.370473902098876,117.25716640671153,36,1
5208.863595004756,29.74857413342393,23.143077727856458,241.15852919809572,37,1
3040.3298761202245,51.86454314769428,8.099492708925542,203.6658983594202,38,1
3671.8139511015697,43.38213535231612,6.483087803224226,135.5019550129473,39,1
5196.861235869123,58.52433334796224,14.722261505516906,135.2460613968192,40,1
5738.466579995411,42.07479261567299,16.920327244696537,183.21076503549358,41,1
5171.368281189971,48.85263558533101,14.836526259529535,283.45107626446963,42,1
4884.351717611759,55.049872789804574,4.662789499800617,187.02043243181976,43,1
4698.896304410711,58.657551941701215,14.554399802436057,124.8428523440947,44,1
3521.4780096325726,37.997035929442234,8.477652497475734,187.71284679570277,45,1
4280.155791605292,46.654987641590516,18.348362744150194,186.36382151261648,46,1
4539.3612290402125,45.25054688839044,16.83299123048424,65.15566785292143,47,1
6057.122226218916,43.46670767426288,10.300601068363225,197.28525667410938,48,1
5343.6182895684615,67.65454240281096,12.430665413316532,188.4532734895661,49,1
3236.959844637266,54.049817109609556,9.703932390555241,234.8103182406709,50,1
5324.083969394795,37.391160456649544,14.68660451363414,292.44780474726724,51,1
4614.917719583684,59.17861947054776,19.775711602506192,256.3282514773879,52,1
4323.077999694041,71.22156197012633,10.071369768322281,186.55556547225848,53,1
5611.6762888408675,60.32465260551147,17.520232577589223,144.6737045629165,54,1
6030.999522495951,34.80630034045987,12.348711908137796,328.667990162493,55,1
5931.280119116199,45.15765927133749,11.035635838688279,202.9609217007244,56,1
4160.782476777362,62.669111491866225,14.46484820022721,200.6964645956473,57,1
4690.787624148786,42.92330534381219,9.823788387903129,198.79374564449984,58,1
5331.263431403564,54.43819428146229,12.231753473264089,209.90423803839275,59,1
5975.545127122359,57.74634053429337,9.010610537055758,192.78197940380286,60,1
4520.82576215471,40.730695284219166,24.823625664581947,171.31689965598818,61,1
4814.341023336183,49.404746439382,15.176317759858643,172.65705293798038,62,1
3893.6650259939715,17.58732659930927,11.501372460037071,198.3623364892001,63,1
3803.7933759193293,39.756123586657104,16.06989955367111,172.82876144331175,64,1
5812.525822394198,47.4743184860684,14.438359751545851,164.3577108661418,65,1
6356.240028570823,37.52216818035151,13.895152002333885,205.32151138459483,66,1
4927.989878419666,66.32411303931636,18.070833500217127,187.25113912895725,67,1
6003.532897892024,35.69858622039367,18.787538550236526,275.1996494291344,68,1
5361.636025047634,45.599555133030165,12.347494261947363,67.45150958034941,69,1
4354.880245394876,51.30740577286091,12.1209087967766,254.57534259612308,70,1
5361.395605508414,64.41273289066116,13.62474151424178,262.30425962488147,71,1
6538.036566465969,35.6413784882056,3.4903941763220754,96.33048837959252,72,1
4964.173960890049,61.63163752154959,7.424044689007239,182.86562029598255,73,1
6564.643655814007,50.10233061019587,21.834371337222624,181.42795670021042,74,1
2380.2548959102555,40.18491348952049,23.224838567506417,129.62441526410893,75,0
5821.9025043752235,54.62103474263271,13.754819802218108,161.10916562045622,76,1
5087.047068238171,51.9905969557347,17.882784815278832,144.47120772670857,77,1
4700.992649534132,43.99783122841205,16.556250772717682,287.6135221711811,78,1
5091.760776535502,50.69802084990019,30.39440404227619,246.78391965737305,79,1
3012.4310853991074,46.1468640313824,20.597874557172883,263.57775474970794,80,1
4780.328112162488,51.13517345251248,14.360412042596167,236.08360320216175,81,1
5357.112571511747,56.62130674521047,10.222297796997871,143.54741143913856,82,1
6477.894044741516,65.86016816145352,6.967768398712138,173.7739866860113,83,1
4481.7297817263525,37.62184501173151,16.017318179336115,224.4687280613959,84,1
4191.506397106812,71.33033374656267,11.218246273578483,138.89360955540275,85,1
4498.242956415464,30.479122004774982,7.888731452011629,235.6499215086194,86,1
5915.402117702074,48.482149049644164,11.767135578787368,187.98373009209325,87,1
5328.7511096596845,55.883172064845766,9.592259981928025,181.25895962252014,88,1
4470.239796232961,52.809918677350325,23.435708175362823,235.54799841017456,89,1
5513.267433113356,43.77300480179406,19.408198784747253,222.213165574302,90,1
5097.0775493480405,47.918777496427246,14.960136793416913,181.951691709046,91,1
5968.644990532889,45.06999065341167,22.39972069445013,257.96649016821243,92,1
4297.946906122647,44.106352430557884,15.386841538238091,145.94683362000512,93,1
4672.337853402232,58.496020970210246,10.693578993358681,230.7967803472132,94,1
4607.891846867842,53.57015485965047,22.615620386348287,229.6550628984192,95,1
3536.4850518678813,43.070904047393455,17.694550218423295,184.5226780343005,96,1
5296.120277064576,58.995998754332504,9.813769228367718,216.3066511121059,97,1
5261.0552721798895,53.072995208766095,14.048306609581958,137.44432118073485,98,1
5005.113456642461,58.1286211883896,10.621908733076214,246.20135096034505,99,1
4765.412866624853,56.29628841923612,8.08600134517832,190.75489317785053,100,1
3584.6292579495857,41.710049890779274,19.630887737658206,173.86384897404804,101,1
4579.354677234641,44.39818959803031,24.547083202350652,252.45046129184448,102,1
4657.285483473231,57.472936051232615,8.007162130904295,164.78281547286204,103,1
4197.722730778381,56.10370265433465,17.814846183452854,129.57693518182202,104,1
4838.714288333991,49.79098406035852,11.746787154390866,122.16854132380482,105,1
5404.050856814539,51.17327383308782,12.56437308117652,230.30049756728198,106,1
6886.185901210531,62.77664895788425,12.038030378805654,135.97853237518586,107,1
5174.577812831839,44.0842861116417,10.68004615160092,287.7397090992182,108,1
5257.550390722764,55.470973811700375,15.242608139724135,95.9035296058139,109,1
4925.554084233832,47.97807347566106,10.84524941794481,284.8228184145019,110,1
3081.2287847009584,47.8231879677278,16.352284128899193,210.5508733601309,111,1
4973.486124550783,60.9877685198719,14.748809452754315,195.16434440648038,112,1
5060.230209941026,58.2541634898803,13.805259765667952,172.7540456595525,113,1
7463.242112485286,58.135096360006386,10.462181689792011,219.95680571760354,114,1
4807.639035218877,63.05478807154329,12.116143347158337,198.11826487875757,115,1
5301.5473423336125,50.21003841632759,18.77695612912878,255.16509410082608,116,1
4965.288230294756,56.81952971294964,17.504585938121902,205.711382433102,117,1
3831.321962380468,46.89733243406544,10.112223776007244,207.5150880730939,118,1
6142.822814515021,53.24166352488442,15.496661527146129,181.81938938930722,119,1
5751.933032686774,48.698569456323156,18.756935616858947,197.15271881394662,120,1
5791.031947043047,50.96995964992718,6.652973594393142,215.39008844460295,121,1
4090.612545205261,55.95157025436914,17.716800961899676,114.49158036716872,122,1
6402.7943109360995,41.81779316766527,11.686881205270767,132.59072889471435,123,1
3598.1489372077194,70.9238727568546,17.852993342965796,237.16320470113575,124,1
5586.85709380027,39.93982618500298,11.183704217287415,208.54327190639708,125,1
7190.455625809978,37.85811387212268,5.975589496677404,190.80083318236603,126,1
4009.4636748693115,61.581108735000676,6.862287810584187,200.92169665326966,127,1
4433.702270397228,57.91662693962936,15.24042473330691,217.37908526808354,128,1
5099.651365087641,56.24119817052155,16.29861250860741,173.01201598453193,129,1
4496.5243458838,56.2834550926428,10.478416874477958,161.08476372988437,130,1
3449.336568933867,49.87753227153085,18.19296229388687,209.79226275488406,131,1
5068.562974806027,41.02745628514168,6.6923996886552,151.0813611192484,132,1
3937.696286273895,50.75804558193726,14.669601006763417,220.4126377857236,133,1
5473.592430635182,43.22838288487888,8.944919001187717,114.87081978810798,134,1
4080.575765766197,59.75119733417751,11.740819460989204,251.45778186628218,135,1
6549.93440501754,48.52942618497861,15.23699335658207,223.62987412065215,136,1
4216.746707663763,41.745028032074885,10.697933173580239,212.80148671569378,137,1
4677.938483794324,46.78614158347007,13.077222278850874,249.1345491972757,138,1
5813.51721736967,54.12931454275624,20.0314640460722,283.27372222312886,139,1
3769.1356835660445,44.36275447196025,12.115540652384256,250.7185032509065,140,1
5227.45993460413,41.77779604433569,19.17846056032571,107.95628843341774,141,1
6307.142754282428,52.436872114919126,9.35146572671191,136.02115166321494,142,1
3392.5167654387724,52.44966571108723,17.649020889576413,168.75907111521605,143,1
5184.633858532305,44.9305682462887,22.207843103289502,201.3045525105417,144,1
5259.882794248423,45.289616943816775,2.6417774993635526,225.88295102345614,145,1
5781.822871777311,52.32049937357636,11.015523722647616,163.71280934232672,146,1
3763.0492891219183,35.51915658502676,17.8853606359027,209.33833822385392,147,1
3679.5433869157237,35.92536225623445,13.984773069785037,162.23085338233386,148,1
5521.941565616898,42.81555778747564,16.855729366856544,169.4241098504026,149,1
5296.984673233186,47.86552848288153,11.980074066420897,129.66694515758888,150,1
5250.492850345877,53.10907565598005,15.4329489373645,153.8383376944548,151,1
5346.448209496975,64.75356216949552,14.221613823039602,132.41576971918332,152,1
4319.975278421509,58.576596232020194,20.838910308299035,151.20633735113336,153,1
5232.253697161003,48.40061470036573,16.272104216506065,252.682089830392,154,1
5293.072473298681,49.80983792097311,16.68801331037601,152.53005555840286,155,1
4285.648581973632,39.97470635362191,12.940615169387662,331.61910324186954,156,1
6865.774511144757,49.8148686400761,12.561968879637533,224.66589504404448,157,1
5473.832920911787,47.11341361079862,12.837209060901895,209.2418061847437,158,1
3808.696502797351,53.227185603380896,16.972260711891483,157.08211099093933,159,1
5656.55360863383,41.727690564476774,12.895077595898686,235.01549397044957,160,1
4025.3183297726787,55.193465142411725,16.448874284482066,171.2181086881113,161,1
5787.084603742452,65.32738913002578,25.377003993227195,206.10049073226807,162,1
6158.595579007404,48.91239851543143,19.355623517158463,328.00422691343977,163,1
4179.317681648289,54.01711722098941,13.369882339160794,195.1970050137675,164,1
5963.376129244321,56.90143991711113,21.006069610819722,257.4636663142838,165,1
5412.780926936498,45.987795281141636,12.959623134892244,164.84117874370563,166,1
5822.06015999449,52.24092481810417,4.809377324110731,198.25057547515192,167,1
6896.792982653948,50.12592400781795,9.95956844541298,288.5400317817755,168,1
4754.61188399713,50.97676098548832,5.646040394870722,168.65164711061163,169,1
4246.2638356425105,42.26990216144534,13.242432579793457,290.62242789984646,170,1
4110.485570374477,50.245101742589426,15.092091895947759,235.38759677277378,171,1
4184.189715034561,54.979982912454496,23.382186561376415,171.8766612052866,172,1
4922.898290585896,64.51143607795042,16.634636868820813,231.62038695277604,173,1
5341.151974816644,59.59270826085207,13.904497355955678,248.6277224813365,174,1
5276.690799330019,71.53182457511556,19.147027905917447,231.0904981108598,175,1
5827.183249036024,42.326524371119504,3.944323454960575,121.48876400547718,176,1
5013.001891877907,58.723206367206785,16.178072790542828,163.64314120875656,177,1
6453.534077157317,51.83342005738352,18.854325969434832,187.62406822242477,178,1
4735.343166762044,71.89802933217672,7.607068771100792,196.2783285449977,179,1
7720.169166589619,41.91701714644849,20.718770216034645,231.0336048775339,180,1
5625.6673477650065,41.602781578192236,16.69248203747207,208.88505004666268,181,1
4142.842443583718,44.00607354555978,12.923560430495993,133.23278206449493,182,1
3929.1075019388877,28.76104275690193,18.163909330531425,219.00989255029816,183,1
5482.472415243185,44.74244978319239,26.35346428902198,230.52928726419117,184,1
4776.537214674149,42.40867338446302,15.909331275292477,227.989522396552,185,1
5714.000494092092,51.50393786476208,16.24110293150168,254.0390362777311,186,1
5473.237624573545,53.41755975777159,12.70319550229878,241.6961077274452,187,1
4927.1710873431275,68.76170839215887,10.750778152676041,222.95900396142184,188,1
4153.206281931595,59.5042383818605,19.151679082721227,196.49171442706765,189,1
3485.1527753141354,44.23096344337597,10.719580870455664,116.95195332420043,190,1
4553.485047932979,41.01585328651642,15.357831186096963,221.4809109566293,191,1
5856.398794323472,54.919191715065054,12.611712766174417,210.38438435815556,192,1
5214.093744130204,36.797667929793576,17.39489912873196,213.57894185976866,193,1
3754.261221288012,68.31458765854353,16.66831052643474,136.16257120898453,194,1
5173.180925851182,61.79440120721287,20.187699721289498,145.94717297958687,195,1
5385.317379728836,45.30824347895295,12.449918005726264,252.6576426666452,196,1
4116.142563798867,32.868654709091224,13.650625323533143,198.02224230716726,197,1
5153.7251059455275,63.538723741654124,10.106181421088463,234.07503486863123,198,1
5058.208718446,48.85460154747382,12.778533699619441,201.41591880652305,199,1
3857.029702169377,62.378163119734616,16.88650246522426,201.48780697478725,200,1
2469.141902987999,19.65527637085561,49.01190685753008,101.03895235445837,201,0
1741.9776358913132,32.93633879629218,29.393391861853793,60.03878745371174,202,0
2048.0603884704915,23.60032194643673,22.915932330895373,72.32057456095296,203,0
1768.8623556474788,18.95403872405724,14.862856073871729,85.00400412503389,204,0
1782.7518862838422,29.292078748563227,11.96860323744055,119.9133497956793,205,0
1845.4139382656804,17.812256145671704,14.158640569945103,142.19837112010723,206,0
2111.0668858168565,25.225449258953027,32.67126651011483,92.13446118272365,207,0
1760.6256891682613,24.92704802684637,35.08725023229934,76.33606762559225,208,0
2627.8780627867604,33.68716452665262,14.188092979678666,90.69011296961101,209,0
1552.696348890248,28.79758586303962,38.950383140761154,97.75310851747672,210,0
1906.5641779193204,24.79978433003885,25.169389483165606,73.58664748885617,211,0
1780.1344708629126,31.542130393602296,31.467930119855495,115.90422711824644,212,0
2723.4889421768667,36.12166039213851,46.122206282554245,84.60141518382804,213,0
2098.277388255787,29.462482450814896,38.96839315865532,89.95486178182789,214,0
2515.9222697343175,25.082820958747046,27.314693520941677,93.31848504108923,215,0
1257.219813481514,14.505310141198724,21.088077745847126,88.43173221228912,216,0
2133.5251329346293,16.47909069539702,8.48184598670695,96.77881000939225,217,0
2444.8153978117184,22.558202365162657,22.808466807575797,67.65493626906154,218,0
2041.141994637712,20.123902382725735,27.888697611723057,68.83396492107939,219,0
2532.7401875326755,23.504229576116433,20.12820472848816,57.996915340566105,220,0
1741.3557749498138,25.453199399176857,28.687430329076953,88.79002461240452,221,0
2704.67372009279,29.237542034853846,30.76851882958768,95.57873007024229,222,0
3149.449061809625,24.43600977552727,27.751440181919214,89.15545732303772,223,0
1818.5807197801705,28.892013150609614,23.499974191765403,113.48984866695075,224,0
1777.248739299614,25.51579531848096,31.686546719667277,79.88807962341907,225,0
2726.6922385588505,9.19626746916903,34.41940649569409,93.37483311185025,226,0
2789.7860728653563,17.485316849449966,19.09600922557154,58.16598247721372,227,0
1738.569986423366,23.847299554227078,44.1093237974627,72.25800595051199,228,0
1789.9065914520713,15.32244205727114,29.014118677157384,93.91075515131556,229,0
1859.1076955697463,29.799429839969637,30.188496229448475,96.98204221486287,230,0
1327.7747444828615,37.24600665874958,37.08214423256557,74.12066104671635,231,0
1540.674026757901,34.750094813578535,32.332161312635016,78.56801496283866,232,0
1497.929616623966,23.292457032558335,39.53136633913245,49.64252506638381,233,0
1616.1012174479358,36.92580909479962,32.87124165201824,72.85941598386782,234,0
1982.6575563066094,26.18933965761689,23.87562625359562,97.80766327039572,235,0
2117.10736626826,22.303312231055685,33.61503525206102,91.50410032213132,236,0
2775.2502464070385,20.092778691672482,18.562737926793382,90.0133144276242,237,0
1500.8229796306046,22.580242508094972,31.08559705776523,80.9954737436192,238,0
2492.161199238292,21.89458545167017,29.667700093555393,80.14126317256353,239,0
1893.0055778872456,26.3633297790039,27.918831427274604,66.79357721053105,240,0
1975.2681451737835,26.284591848398918,28.714624885610693,93.9765684040507,241,0
2337.409746083302,25.024368161227315,11.181509545023609,88.4194588877878,242,0
1438.6389892188508,28.4955053579708,24.512750922590385,89.84037695985599,243,0
2191.204873092025,34.52517019829073,30.928449011411146,69.47930314664839,244,0
2083.226104106528,32.59643308353059,31.598563919974005,36.93314160257511,245,0
2246.2256320040747,13.120816252400772,19.72324859074042,101.94305423507392,246,0
2144.5843219539092,4.568630920784361,42.65707840864701,70.42325087983191,247,0
3227.650069955447,32.47455928991419,21.338251517854992,62.74448471913759,248,0
1681.130007874342,14.064970412676631,39.69457200526737,93.86957823827987,249,0
1734.5015224990912,23.20187678485853,34.27194361871685,72.1597472016174,250,0
1688.429736787618,15.639095791525124,23.537726901561967,101.19872768093244,251,0
1722.2614404198725,10.584156499359842,47.75310892609512,92.34011899153396,252,0
1681.306436346741,29.331701825638305,18.0636316824352,93.67138646400954,253,0
2594.508265553776,31.073241282421176,39.191541736100014,52.68088577598931,254,0
2710.2521239949274,20.387916794186246,40.005823180429786,104.23887970772802,255,0
1714.6268531252617,4.271661662840721,23.29379790923355,85.22501062467713,256,0
1583.8222134478856,20.630044413980137,43.92465300064329,72.61445721507593,257,0
2235.707778193202,28.13443204322037,27.499534854010474,82.86776934684502,258,0
1723.8884778595143,13.16870744980697,32.88693629279857,44.475295342033604,259,0
2316.4659088777553,26.466879358233246,32.603218387712204,88.17305622961342,260,0
2101.46151042565,24.877521206616034,28.65691258529452,59.41256983635857,261,0
1242.127942501384,29.634331996808708,38.10808273159782,52.946594283129315,262,0
2773.752600665031,25.956642947313227,37.93488720552213,49.55281627564218,263,0
2897.9388365477607,17.215448472947557,12.514680267618193,102.2537674997985,264,0
1693.6056547578069,34.572572013315934,43.043402428781526,67.41473212614423,265,0
1806.1492200320079,23.73176341578424,13.375080119643258,110.67455419832999,266,0
2142.9326953624523,24.781563683920545,40.32546204341657,69.28397073895404,267,0
2167.2283949935127,17.533856327414433,41.26705136827583,45.852840848141064,268,0
2329.2721363364153,21.45374199046792,19.09033569784802,57.66951120102682,269,0
3005.1022693831746,17.921578287784794,25.89185712045415,104.71623240013878,270,0
1911.5263862529753,23.616431520612615,18.94295331514064,76.88203644126665,271,0
1600.851377730773,38.69366784113875,27.850789697112646,69.03425407018798,272,0
1310.3403859927364,14.02479085654915,26.919657158142588,83.20036451705576,273,0
1634.5349800290405,12.091508816986071,37.796605322693395,90.0356547233509,274,0
1983.4365135631015,36.769362619948865,43.10308746119608,102.34797631804922,275,0
2897.278931758894,23.32541058278507,43.95683810789956,108.96998459785853,276,0
1741.1943504819142,19.647418090720667,24.37831973421698,72.80462708421828,277,0
2111.893975819449,33.31923749916861,27.90778126255472,53.479046278359235,278,0
1991.788551963624,20.155075682105085,13.165618077790498,71.73069677753448,279,0
2594.196636724042,39.60807770837549,21.94129933503811,85.20561013165772,280,0
3263.4662129368107,30.423406970714154,39.64851633097457,60.72482147578778,281,0
1734.5656135398397,21.09670873483438,46.15582823548232,60.85698170209914,282,0
1755.280278740889,42.25846570612403,17.65651128120078,86.87575763099771,283,0
2522.080438534536,20.154280615973292,24.075357408471056,79.02695296859098,284,0
2340.9457448131557,30.936762976074455,29.73594243041073,80.65593990823173,285,0
2923.3536628680167,27.394340643251937,32.80161158819607,64.83009330599862,286,0
2291.964092662982,35.413930315190385,21.90396480078354,75.39198571588466,287,0
1820.3539546064703,37.49208957381482,34.24061044464089,61.51533711463391,288,0
2295.327415346155,25.256033192526132,25.261606529290837,97.80396822249574,289,0
2554.3517902914537,18.972657037230533,29.85547729121721,100.70498669447505,290,0
2410.241090598682,28.679777143512933,35.462842480037,43.07624275523813,291,0
2253.637015553649,19.57827704198315,30.06422269810938,61.4097827961518,292,0
2533.337344794577,41.107097980212984,25.636141094734313,50.06941489819842,293,0
2584.6477952228365,26.0922826486619,28.903901960741692,66.99952131186204,294,0
2691.0794955187635,22.07742758950313,29.116370407946647,78.33124060419279,295,0
2324.3549437948213,26.477442446919266,26.299889701178724,51.007095606029395,296,0
1916.4409598415727,14.222989683762428,27.412039373328977,61.56280373749374,297,0
2073.356843216661,17.22708769191479,45.986471705047165,59.92085255837003,298,0
2603.2544832541785,34.603311263555405,35.60919447941239,84.14534658797888,299,0
1591.5321645063818,19.744845768228835,27.045196819708398,81.386886740725,300,0
2184.3366544364508,16.62471213854448,36.969544045107355,65.56524893325494,301,0
1803.3305938363196,29.293222020218288,26.6618051024399,83.53641744278796,302,0
2014.3724114674087,34.48563323730397,41.73124637586641,69.06639830825469,303,0
2639.2259313036493,30.751626485320536,33.69642192198094,74.56689779347893,304,0
2095.5495340099515,32.96838148644653,28.92697855995771,113.46904180597073,305,0
2023.2182740780745,18.945639291444316,34.477169258102776,106.80922103580696,306,0
1320.0719295100403,13.62551466606525,14.291238479315007,54.00837526144805,307,0
2373.1267830136103,37.010669215643894,18.73232531090195,96.5946483575835,308,0
2322.7420905705376,22.418561289262914,18.060749936009444,96.22793108983184,309,0
3081.62736165273,22.993335868359623,31.429430947637066,57.034734224947634,310,0
1846.1108825234996,35.62555313479246,47.32514999485092,96.37555287509721,311,0
2109.5751638319693,29.44984007520528,52.31300146192632,110.75863836825106,312,0
2124.691841855378,28.64710217665286,36.380511014407574,57.549103875111726,313,0
2788.7266398817374,42.32001875920867,35.00844474944457,61.64994357971473,314,0
1952.352233806524,19.851854156958858,11.98942265847261,100.35322933687004,315,0
2139.5107628851697,32.422721024649896,24.57326200265978,85.42990621651296,316,0
2303.9482548582696,25.456104999176677,22.12216248091761,91.02952550479047,317,0
2093.304561578179,27.148738230906055,23.79152401748884,86.81178432800994,318,0
1776.783192724736,37.22774741130026,28.318561814152105,87.81391841856288,319,0
2097.0449964491536,29.06268605031699,25.27909422302873,53.47055743377834,320,0
2536.815874929886,29.306368632397064,10.207001896242122,100.94635413242897,321,0
1486.7423502944698,33.58005869847842,37.47910256117534,103.39179984855548,322,0
2066.484837073438,22.080378163656917,19.272569742601934,75.41218511863944,323,0
1649.9395925304134,18.286322661287947,32.39246864111149,79.13046100372276,324,0
2597.5233144624212,16.64152644783173,50.740826697499735,49.377849948885554,325,0
1238.4065476081128,9.269147284991986,20.806154084135766,90.2850951203567,326,0
1720.5390763642058,41.44965703952258,4.697124772536704,91.44114883428288,327,0
2188.60593753226,16.174333074226535,27.13995778119889,78.75617966001379,328,0
2782.7620146171703,23.229971011313825,41.00959634998571,102.48706719741006,329,0
1967.124869463506,22.785493600888636,49.583474542205934,73.31845538040119,330,0
1722.4002366534007,27.459253582472805,17.70450405547583,91.29211851787201,331,0
2940.578534720295,31.525897700314374,34.966992232365214,59.60671322615769,332,0
1275.993049791878,31.883787906877963,25.346895432199467,79.52895698251524,333,0
900.5970216899591,20.335380491448493,28.940516456958644,76.51291484194329,334,0
2220.007225026666,23.663026289708707,56.44343347017035,84.50615844081884,335,0
1748.9728878236945,27.260639603906398,14.970296716048468,72.60946142333283,336,0
1489.3835914346434,23.010470990531623,32.537396614945735,77.37054808656664,337,0
2354.1782236496765,37.858764608159944,34.676931717654334,96.52094342883012,338,0
2121.9003568855996,28.92779961310601,40.857863249393475,71.26471525523564,339,0
1717.9606846316358,30.879022288398538,30.979831534708953,47.868457985226414,340,0
1359.8478006645528,30.303050149339303,33.08050539504102,114.99167808410841,341,0
2436.2286641400724,34.3877908598826,26.08351432578209,107.62908157380973,342,0
2325.1005889793305,26.448172469629654,32.69126941245107,54.154746097887625,343,0
1950.4120681103086,14.625344416353228,26.568077245025897,93.79415610490389,344,0
2923.318498023833,28.197503614021134,36.21571889856051,69.94050458897314,345,0
1464.9576168369238,19.78914484966537,26.30389663956366,85.26974430662119,346,0
1237.2374145376307,20.771066546001947,33.77100393902187,85.88448258026988,347,0
1654.0459650593777,29.690912150040745,29.707371863150218,75.31184399367356,348,0
1977.206991822251,34.90626457146909,41.26050250772168,64.32468668827207,349,0
2121.6697246613458,25.170172613888493,29.486062764115136,66.18917895367481,350,0
1879.381971071835,27.47066410079171,12.269675317931185,61.67616169037515,351,0
2176.0276982571486,38.617719557081905,42.619215007139914,63.363555835391104,352,0
1374.230287904778,26.926025435908546,20.94267699137381,78.65643419901289,353,0
2721.88230203663,45.813464913443156,23.462336613511802,65.68480021778497,354,0
1958.9244108037155,29.524077165052354,24.043387059565077,93.64104131425239,355,0
2558.647915794064,10.913897926753458,43.74438093170817,109.74492310671855,356,0
2171.362673188852,31.02673296883626,8.643257860213044,68.39893517259914,357,0
2228.376609576892,28.049267079062222,61.37748533659994,84.78809001070753,358,0
2284.883640116102,35.318022032661965,40.56056809066052,89.99370220605867,359,0
2223.8542800086575,30.385450810159668,32.2323891412916,89.4400454183855,360,0
2321.361379933772,23.892352128129808,29.451059993837138,81.51910535832175,361,0
2664.5762650662155,15.205614109685074,32.85554074857657,94.85364836719445,362,0
2098.260584850735,23.3278139417118,35.211224283793385,89.64497905361314,363,0
2354.5018787942563,18.1958363663256,36.45215585950057,55.24675155345405,364,0
1955.1321528563867,20.35581240156222,35.55604466003449,97.38312128778546,365,0
2720.0586077247362,29.708627235364876,30.89580681255249,97.74581674533485,366,0
1661.8038489703652,38.359236034811246,28.026615796926738,64.73427791642837,367,0
2900.470216455408,28.15737223858385,28.48726716346488,80.75875670895203,368,0
1979.9210246778282,15.432935503718525,28.05091719647319,93.66657985622139,369,0
1284.6124489409758,28.556821345761126,41.337700968670646,75.81372360841277,370,0
2064.0522074553946,34.57305189316521,35.935567222808615,101.45956095532023,371,0
1659.4741712625596,20.121736765444943,0.5961136533571967,127.27744989238721,372,0
2420.321774494362,23.927862666616658,36.55900776529761,64.28027934730035,373,0
1673.6880103488045,25.117505557833578,31.947361947187748,52.3791079369245,374,0
1776.9082833926102,18.720813495342078,29.812912435541026,86.07637191209751,375,0
1055.2296345272343,30.186243470750874,26.114815469111143,94.43125010252287,376,0
1773.8468403754616,24.03241481113775,41.24112719986013,75.38267252310462,377,0
788.0603366855216,28.356259551256223,39.475264621228575,109.06521326642068,378,0
1208.0485882571384,17.9000625775832,22.27122332176391,53.227884005535024,379,0
2380.207328072149,21.500333597412716,34.07052287124535,93.85837246063222,380,0
2392.9000793254163,30.77905086262217,20.283432654587138,67.88278358482214,381,0
2212.7287808924825,22.017334783265863,16.203818352110694,114.38755812414593,382,0
1516.5119284353934,38.81571080986724,23.73282775410035,119.85030706336237,383,0
1976.1443219290102,21.80291051508318,38.62393472382759,64.66686824433305,384,0
1998.1987304547158,26.797477806015088,39.53125045376087,69.0088572818284,385,0
1420.8176554037286,32.46072665498472,35.130854200972934,97.19175773959604,386,0
2751.6991508835754,13.653074136535746,37.25095786847997,72.2573870042097,387,0
2438.6811452878355,10.913529504153793,35.16178287114958,79.09177564135524,388,0
1889.517913085168,12.794749483439242,23.585184047770476,80.5077684108482,389,0
2013.4429194972654,35.100672827417455,34.31922544673941,41.606536876046874,390,0
2104.1914039737762,20.585134832860426,38.00409525227683,79.72324507811526,391,0
979.1325657878547,45.465594285346015,37.542913298135744,66.20544451871652,392,0
1876.4113087397016,20.486019210740892,41.88913371474643,70.13754355200456,393,0
1659.0078760011006,26.476410425576297,37.083038472010635,108.87264006937627,394,0
1499.1899950525421,37.336879620543,33.51448207541583,54.86986211441487,395,0
1859.4498535570226,41.04874310527298,40.701502383164275,96.26410373495955,396,0
2898.843263424761,41.49202861309118,29.734787407509398,74.42074139336383,397,0
2320.4214306335048,34.66692984474514,21.18125348772282,74.40479663008331,398,0
1714.4105051086017,33.1925002064917,28.369330360562362,95.80743792103422,399,0
2286.291390678079,29.740215593609463,22.55097355193551,86.8010258913778,400,0
2699.677718293001,31.226888609333102,23.248217250256182,91.41225994439063,401,0
2462.3168414563843,20.59051426937173,28.554813292844823,99.36369321065722,402,0
2029.815184960087,18.454408932621543,22.075800790000386,73.37383233633355,403,0
1676.531611147213,24.973004340712382,26.920384703609596,67.75526530984499,404,0
2349.111656806795,23.638523019800573,11.063853330462145,58.29698946884404,405,0
2196.742692710875,21.374175605381797,32.13293707372939,63.4917894004209,406,0
2447.596610013866,30.571099579653723,30.01205475362224,138.9818885061745,407,0
2317.585900840985,32.64244166856409,21.829113689318092,104.89359161473573,408,0
2524.7763576596676,25.70725509033478,36.59245668432405,52.978512675839575,409,0
1732.382394219716,36.820240648442095,39.37570137626558,53.5508408651286,410,0
2658.697032817163,15.86648708693196,13.924401356310259,89.63732123436984,411,0
2098.7998023461996,23.450724325762256,22.372752214337858,90.94529594755934,412,0
3037.630436312633,19.26542143517756,22.308576502127018,90.9776767063473,413,0
1655.406090955216,10.06770706341552,20.600968988911355,74.90088412892604,414,0
2867.9819015826247,24.338554513258405,38.294748419317486,77.49091479994199,415,0
2098.9553917313237,24.026019932933732,28.061738612271967,86.55759048318714,416,0
1674.2909981927758,37.107597945937044,27.354851586893894,81.71786012586661,417,0
1758.0570829728392,30.046493476438222,9.961376355932465,35.6139925450493,418,0
1839.8263459028399,16.80650540536636,36.35418030209226,75.40400738849613,419,0
2212.0829732009583,39.832740530673505,17.607416051465275,62.97187131479373,420,0
2261.41774401775,34.768269564202825,30.599326302663282,83.50422837817024,421,0
1713.1499980307105,29.656781627748927,32.773769379581914,139.70518005206821,422,0
1987.8227038695086,23.188127209201344,43.60658595838651,87.34963330948608,423,0
3071.135179305932,17.324486106212163,16.911796008808878,73.72940627655204,424,0
2863.7715850503555,22.022345791431576,0.19512155820825328,98.43603003954505,425,0
2218.161834837016,33.709988957633485,31.83849544753695,89.65375774418425,426,0
2019.0017390841,40.07669044747687,48.005111815108535,88.40188980903683,427,0
2060.0156633591305,37.34594822617751,42.38946352939438,92.13701186431342,428,0
2306.7589863652083,21.089204625709808,32.096594152746256,121.13087129659083,429,0
1488.6037174007972,16.04306053368791,25.083638143679526,57.38223129348169,430,0
1871.3117312883273,26.127089975289632,38.071225966373106,89.47264153622909,431,0
1165.7079630612052,10.852485075497187,20.264538002955312,61.47237740036923,432,0
2199.6115613026395,27.58534171347825,34.76357769356219,91.11025292684496,433,0
2323.5979698513706,23.81917930961065,35.054701591666266,61.626269770278114,434,0
1758.406768850313,21.27170798505406,40.6020990749888,71.65266372789831,435,0
2786.9933816450166,12.242375461865636,57.596600389110776,74.09820171524187,436,0
1387.1171684988294,29.10880085255773,33.92415967178767,99.51633438689419,437,0
1267.8125598950899,20.73839328270471,24.910363742925014,98.36908887884827,438,0
2112.225909279986,15.640665314317696,29.744256878080055,55.08565247107231,439,0
2523.5491513060774,2.0219022937468054,12.30924095110882,81.09868221999697,440,0
2841.9638457289343,24.77988075959491,23.052868689109417,65.80840290501655,441,0
1770.55786856553,39.17801277335795,25.907175618868962,54.82990178649331,442,0
2539.3404167156477,38.29007371638296,24.759116020654076,75.65965899151259,443,0
1980.7457652496464,21.343229947309826,31.52354872033722,73.83034423088361,444,0
1913.6863500295901,20.182303517105755,21.775800676177994,128.53432972691044,445,0
2441.8299687433364,28.75019404860019,41.210306673244716,88.65919650721392,446,0
2326.16143920671,17.01291648649367,30.00207064918197,52.44764998491526,447,0
1211.8039215078752,27.414335198555726,29.906996788613856,68.70451991658115,448,0
2738.270174862948,31.12864222707752,26.72105283487082,100.42766590858797,449,0
2690.0456770737255,34.81546579107446,31.55190683858979,121.7688554573985,450,0
1687.2186492452352,24.198767388160377,38.25098264667635,48.28033375524083,451,0
2197.9017667187045,23.37060999858427,21.328697842890996,42.4015122972191,452,0
2247.0150931413696,17.976139305947513,23.418835109247432,117.41930350743564,453,0
2130.3368829119536,18.38495716768112,26.962739712233354,87.79228354741808,454,0
1724.84742307729,23.188168864787787,16.541290765267853,62.63414536247267,455,0
1664.1883160309742,27.938924054529423,21.807421402785025,90.69258172244871,456,0
1987.2229645042773,32.308677009865995,25.237791264553408,27.285045219662443,457,0
2586.3645096296823,18.57456839455724,38.74389180712728,80.06751013194322,458,0
2271.8000772972164,36.94150855167617,32.62561329001925,86.55642345686171,459,0
1814.692833956947,22.83101119165945,31.935899113675443,98.4854027907566,460,0
2385.8493553241724,24.829061645212512,38.50897962167972,59.72208095414925,461,0
575.7286896849623,19.022306566817413,28.626282116006035,81.71374322806719,462,0
2574.3828501860517,5.606077917816467,33.904648499288896,61.49150747880825,463,0
1130.1431106109503,32.072363170888394,28.967782470675036,85.10767511348634,464,0
1818.779529298434,30.89475117673947,32.653623493996285,62.09307355273952,465,0
1440.165052686928,22.749379543054292,24.17241342388418,71.83798321679559,466,0
1352.659262139547,25.535925737798976,5.61182841723571,60.08369210419542,467,0
2580.4133936892595,29.127513741632796,28.657208378136957,93.02272483647315,468,0
1766.1493993440542,12.499633144907659,44.227481360999406,97.16902233313331,469,0
2173.251940865358,20.767578581229643,39.26215402241593,75.30758860085173,470,0
1976.539710560408,31.35411743697462,39.653974845911705,80.76475989920057,471,0
2238.520413611561,14.965684614646005,42.36130721806218,51.02817170732912,472,0
2038.4109455301277,27.348463457333033,30.886575909614375,74.00646703986426,473,0
1358.5038879057151,14.14734556301276,31.973157074055955,78.9959076591651,474,0
2498.13340972357,28.73143985946821,23.8234810456565,132.4158618205995,475,0
1753.1217084193438,24.71486814162013,26.8392714397295,57.76065948451673,476,0
1221.7090506701245,12.078945472755924,36.15771149771142,109.28354477504875,477,0
1785.9424195170436,34.31791483565737,42.038844371688164,99.93717546931616,478,0
2750.3798953171554,19.123267385615605,28.605537243190003,85.61272808980273,479,0
2425.1108710567464,18.517980503884953,25.498107351485885,115.17240968390267,480,0
1825.6739327960704,26.604553577847543,30.005279588565973,87.44210945213726,481,0
1825.3711478407856,34.18909879542972,36.01206748929115,87.78318391335857,482,0
1839.1824743913087,16.873425448172824,15.561451838664581,78.9375869396491,483,0
3038.3739917804205,25.493438798783775,7.038190468627619,104.47137764837255,484,0
2190.9677261157767,28.430532002644583,24.494631505084165,101.92938467621767,485,0
2215.0208235955347,30.54484485810515,17.792875740858413,67.48645425007575,486,0
2515.141727015921,26.4115324422178,24.91859802352689,53.61505610802465,487,0
2119.3945795132568,22.063777287333423,28.522196811825285,75.94038725208686,488,0
1870.4789270896486,18.379278234810243,25.467515909769865,63.99922871204707,489,0
1901.8250754575108,25.689151064370996,44.524675344707454,78.7295085076929,490,0
1964.199370292968,16.422887904115143,33.2674476460232,104.74876269368278,491,0
1981.3888817450793,1.6291961320431412,33.004743596108284,70.8539668982642,492,0
2363.81477181849,28.492478433261343,36.22207144043402,79.14353237376851,493,0
2025.9729429036497,32.23147872868956,18.611668822192307,81.1604546961679,494,0
2366.3200386077897,6.096540515665293,40.391117874202685,96.96861764410569,495,0
1959.641709945709,16.922154362320498,29.242357134645403,35.0622133203079,496,0
2039.3175951580454,29.953234088041583,36.70480617241213,67.86599410469407,497,0
1000.8996577339461,41.459963757693586,19.281427669598443,84.22567384558945,498,0
2458.1638373512405,25.166349661403263,14.462412339839357,104.00157912853723,499,0
2173.244237948996,19.175976470166923,38.17889658025029,70.1619510498759,500,0
2499.005054929826,23.53682847116128,33.76409526097517,42.46894587916252,501,0
551.8723109031553,35.99901135318548,20.979484456424895,92.39422891932273,502,0
3044.1873523903637,19.832286567003717,21.303369187253054,67.29275222348741,503,0
1930.2051859224132,18.606463946797973,41.254347844147695,56.20666681819277,504,0
2554.0914083687585,21.13805182254374,18.10588107132672,67.51309220573552,505,0
1480.0470364372345,17.373371133930302,46.426729532559634,76.309492846883,506,0
2306.386952531285,25.981362527958364,20.99379265352131,67.90510670923575,507,0
1473.292218413172,37.99742766775648,36.38391925608383,35.888678858018615,508,0
1688.1155196520974,27.584634184928234,26.713815242510154,97.94132393774265,509,0
2957.015676933393,22.9811719829897,36.03187431082343,105.49750082557445,510,0
1904.6587996183266,22.665509848675647,24.558859978858074,93.03043982679011,511,0
2108.7164365898616,12.494473530426744,28.37207093927706,57.24628659150367,512,0
2435.033865344377,32.064878217177274,30.409191753957213,75.97016932104964,513,0
2247.840943986302,24.377302423897582,19.978125442185274,79.86957369541084,514,0
2075.209452571788,23.556160691274997,37.408243454201255,91.97588779123821,515,0
2182.4805012331126,50.54486054275888,24.867864335284146,93.36680977436161,516,0
3201.7077926191378,27.39002326692549,27.714000846599813,65.31652402443008,517,0
1971.1906014832073,18.985671599238525,20.056506253914876,81.63991112827121,518,0
2100.549523357484,21.589139230355652,4.376663412046895,89.14560809230483,519,0
2525.327198003806,34.18756567357404,28.08972237399831,109.11644644293533,520,0
2552.762966478992,25.906163284302117,54.12615421612916,94.09013079649446,521,0
2593.51515278019,13.493776173461066,37.84604287898024,95.78113374751038,522,0
2319.3651110145925,32.35383147660163,29.807396202656054,81.67653255858721,523,0
1428.4975436347581,19.65484731568805,27.371091707917323,108.20918290407008,524,0
2816.715766150548,39.98638220974036,30.224658928120462,88.19525591918995,525,0
1426.827303490656,33.64038452571719,35.4711911517521,62.77824179652859,526,0
2151.3177326195164,21.42142483472999,18.191871846911553,108.06739940250381,527,0
1622.8620749903212,35.248130893880905,41.143216946688725,93.95806545078055,528,0
1967.9308267035037,25.542844084219226,37.15381315441244,71.13911957743035,529,0
2164.3812051517402,31.822189400977756,37.18185725707934,70.41014065201513,530,0
2160.6786077251363,28.8778625383558,34.38475738809727,85.93151090281523,531,0
2210.9603771176426,18.22914676007301,30.1961665769399,89.2636959053517,532,0
2806.8556345293237,19.851601341460302,36.7286123596682,83.94584531262413,533,0
2226.76715075699,33.23968654064929,35.91814133741378,86.2261734688577,534,0
1877.9216823546756,22.321797343147672,26.45959289058976,113.99914749152761,535,0
2482.0435841441786,21.770812294064026,24.26398227103099,101.43086304469772,536,0
2594.73524446232,17.359019365205178,31.018562952619867,83.81271182530048,537,0
1386.1960924315038,28.38879252474769,45.49020151495188,98.82621161534966,538,0
2298.7000349249292,41.50019935394516,17.60892924346099,59.34952192944921,539,0
2350.5863711554493,16.459736685965815,15.3247473424756,87.95854099893617,540,0
1851.218248320004,25.193755653382066,31.647608412365166,116.1861269946622,541,0
2687.8534066558095,36.29776444332343,30.50887701856018,75.63908209215252,542,0
1924.9722064837367,24.36286887003428,31.733416643704082,63.0473214276183,543,0
2062.7882267357713,28.618974369997872,32.439531979085004,66.9582222281388,544,0
1913.464087858065,16.500851774824962,27.767977453651948,58.207339253152234,545,0
2007.7895237907337,28.426456777661187,44.898634386020824,64.30476183744594,546,0
1451.8624565523992,23.50284587996361,13.990960215234843,72.58983802819942,547,0
1279.9745587028528,32.885839965438905,21.715029752197538,51.88865961642716,548,0
2797.252531612486,34.499088412518006,28.967452398509526,80.31236667899206,549,0
1576.519325840836,45.716509136148915,13.568111888458326,98.04554347573294,550,0
1504.3038252718463,29.637065385708606,28.24145595567929,61.8448763970616,551,0
923.3049431981426,27.60637053265733,46.61470165728018,110.38567847283538,552,0
1680.5191261552488,26.555074412618687,30.208864882959617,90.21584177055189,553,0
1338.4551032962509,22.174669657514492,32.30700905718683,100.61161171248115,554,0
2821.0075800681843,27.70787074769353,17.398352348274198,66.84330892295726,555,0
2504.908544671317,22.636788718887765,23.836385919605227,97.09050454133231,556,0
1655.924827411138,26.347687810156913,26.24803619676063,58.16132199209374,557,0
3126.217902672154,35.54078028486368,26.82284903243766,97.80495001673017,558,0
2490.882743495797,16.94765947776287,42.81643795003769,83.43678679587063,559,0
1837.5843082456888,34.11902848903236,35.57691060725124,91.06502439969567,560,0
750.2971425632134,35.536920538718924,18.88542043062968,56.48810788750296,561,0
3145.471286295371,24.05545178407137,32.46504778432005,62.09860315446791,562,0
1305.213766618202,8.025160807931243,34.98221748496785,91.94456436506769,563,0
1177.300626521554,20.13742410324454,41.40149038521267,61.033039915515985,564,0
2511.28521600482,35.37595637248887,45.805406865683736,89.26412584198246,565,0
3219.8762031696365,24.817055501608944,19.849058081721314,52.657243870795085,566,0
2692.136409255259,17.005582141640716,21.89142488789662,96.96348425333336,567,0
2281.95456002618,20.96180063017426,17.42422141085384,55.34953370462982,568,0
2297.377170832643,31.724960212036425,27.659801408930186,91.04599875359047,569,0
2426.707779390154,29.373868545611035,34.663583744463345,92.51261867292001,570,0
2379.4642948933824,23.088543206642445,39.87334516589102,66.0645636314085,571,0
2140.595711984688,22.0654047054825,29.24048976357477,91.64053134169454,572,0
2052.100551975938,21.865934807649424,26.80152476745156,85.20884526667112,573,0
1968.703436050239,17.62071852401198,31.517579922487403,69.22316287614524,574,0
1623.0177055666618,37.923005515755534,21.64857098369977,59.82890631847584,575,0
1859.662461566613,22.42143624630928,50.89538721694773,40.74748616654842,576,0
1153.5215929023072,34.73726816660397,13.923389728819412,86.99300094599387,577,0
1950.830186602625,37.17052841537961,31.847405788957246,48.7039445727589,578,0
1505.7044464245414,32.986487185183684,50.236062192296394,81.90688398882617,579,0
1448.2053413921144,21.547037498255612,30.06799844559998,74.73103567835501,580,0
2089.9470755767393,28.229840722692877,28.099609649985055,93.58285550876391,581,0
2696.0011431722996,24.80643514887267,26.425545771895727,73.95909001020271,582,0
2459.1583030011566,17.770385114158977,28.196083182375922,73.41104427305817,583,0
1214.7496981884115,27.594874253772822,43.728484746765304,94.63741408576591,584,0
1505.1859317148312,15.56768167072158,7.881380886704932,86.70116058168234,585,0
2470.385593994108,34.50143510769251,45.33433701296325,86.32311914365556,586,0
1508.7563032308453,21.283061621612855,15.76042847549855,89.38535179617053,587,0
1887.6834250014876,26.609277246982714,27.33347670765585,49.28855753585788,588,0
2275.026049512276,27.266302972369136,25.70755579701338,95.13577359973964,589,0
1515.8277725681824,22.928760210367383,35.8855326977072,92.24937588027204,590,0
2052.68775307298,29.6935504118022,14.018756481162525,59.66633742847006,591,0
1332.9872525408978,21.200770747019803,34.62172666081943,75.11839052651598,592,0
1699.3161780243931,31.97037837965795,50.243096232868524,79.21385424744737,593,0
2159.8909670712683,14.232162558026012,16.368259954071895,77.31006431196535,594,0
1203.5031332341655,26.011036636371294,31.897061676103956,86.67719933137069,595,0
2220.2373689801993,40.51143199246628,23.38017822203391,108.62733563662367,596,0
1990.1811005366594,16.997349403155404,34.25887206193036,101.63533455345657,597,0
2276.244977208574,19.57804023580119,30.19147777415752,53.75561613137187,598,0
2111.9570670323305,29.11126279727132,23.585130909556902,92.44139980612097,599,0
2682.070214986922,26.436654255516785,34.87872284871074,106.5786663907082,600,0
2062.612251323954,27.805040794188475,48.04348109786743,87.73617041378405,601,0
1785.2972294373735,28.91349704118131,28.090962082727014,101.81960850371934,602,0
2061.148751516142,30.077771748494158,37.19757942148182,120.2454089140153,603,0
2271.649014518194,33.877598735649784,17.067270421288363,100.47419092213963,604,0
2024.4300351628522,28.2785492554281,20.435636231819913,84.98617191283458,605,0
2020.2958456019412,23.06993876305166,34.72406277880377,100.90176948169507,606,0
1649.0041560966224,30.38058960962185,44.84116028535965,82.89775666193782,607,0
1668.549541224526,40.19905547916173,33.5561334878566,80.4780608656991,608,0
1298.6973641001532,23.93893002893941,26.869419694768457,72.97171528572535,609,0
2874.7883715934695,17.203765562634867,29.99291405423354,111.26826717664215,610,0
1378.0683823043573,33.85664535429578,17.495922660302824,63.63142668115997,611,0
1653.5474011020465,24.036950688371213,36.045153263553665,110.64735449356232,612,0
1640.7963672154012,7.618643631887711,38.82333062323409,89.99728247480743,613,0
2447.4621884722205,31.779373417203374,25.479096671669197,52.01387650396117,614,0
1852.525160853986,20.717374512368618,25.299578522404985,87.35298585982844,615,0
2623.871036336867,24.275733741566714,32.658782296520485,37.99946984696752,616,0
1663.2546878780659,27.655842644552116,25.632802639594047,92.51016033662071,617,0
2139.497081111901,26.52399743823253,29.338673853741774,97.70462965977981,618,0
1582.3264733701212,30.675614537112317,50.99721789166516,68.15288088695893,619,0
3072.5745638866942,21.516109035441254,27.529742992540033,82.47095391911165,620,0
1406.2007904852435,29.104846385408663,26.41659847978778,119.08314867500573,621,0
2154.9103551135136,22.923626579328662,23.524581943648407,69.88506591476127,622,0
2316.8884404660494,30.910483847100025,37.441919714999365,58.82184825886799,623,0
2206.899548725749,29.92293987210443,28.18775826781897,109.63326804925197,624,0
1907.356170561146,17.516490383643237,23.50626961678574,119.25174381061589,625,0
1935.089650133287,33.687856929400255,43.21304032273012,80.07391343695694,626,0
2021.9057359895548,20.712292439087616,44.19603004513637,100.22926070816712,627,0
1926.4989991857558,31.46446238624916,23.99576434261295,106.82951831061763,628,0
2481.9395583974547,27.938298507210725,11.334600486393839,65.15031534923232,629,0
3105.2615007956756,39.70546941436098,40.07513689836922,70.29388329264263,630,0
1721.2541074960832,23.21227214102518,23.15370174239996,104.6174902630947,631,0
1315.098510210461,22.20546563105442,37.90625599162769,113.70028557417018,632,0
1955.8589758243727,24.84464315289814,10.298961822881644,91.2576172034871,633,0
3289.854668827159,22.574561737325798,38.92597338299309,62.403712929958914,634,0
1598.1627160151347,31.3995352155364,17.888280707192187,119.74122223398882,635,0
2819.558402722034,12.069515132507297,37.307641190665244,69.38058204376071,636,0
2838.8504070382205,16.570540646829166,30.14273067836434,73.29724437657096,637,0
1723.2058791460026,16.457576627366457,20.460605806033552,86.84675668979243,638,0
2284.4915395926378,32.602460735788604,25.929636870732196,111.08320841429548,639,0
2814.198311564269,38.6849069806554,36.86318456956701,97.07951953104447,640,0
1810.4361295062565,24.16440625170023,31.058944531152342,88.29731000723821,641,0
1898.2098199488191,23.649426214479917,35.844129804724844,89.26577060236212,642,0
1709.1595430256782,25.56041730490545,49.764405845154855,80.87029337286933,643,0
1492.6216346535666,34.295026420865526,14.357583882889486,91.16279029037013,644,0
1675.3612274669965,17.581174926475406,46.17212574968624,29.40879844611394,645,0
1388.029866618872,26.90695186187828,31.043559375232128,74.06785081860403,646,0
2017.0417341296131,32.801581038259435,21.01215951676872,84.82643869833562,647,0
1615.013384470679,29.008753359518764,16.696863742610102,56.97971832760986,648,0
2116.8929558953737,26.516652932789945,28.108796092229664,87.7264663562312,649,0
1222.0521768981862,33.00836874053713,39.2165011192446,75.91057558027757,650,0
2165.4401161072287,3.3741416560061026,28.724508796224658,115.1095139663098,651,0
2416.7644808044624,30.423002556247262,45.11154930247348,111.46039450429713,652,0
1003.1321787142723,19.76739453498061,15.48824309948441,70.68388861763674,653,0
2187.028284923786,10.354936825148345,29.879110521539456,76.9832457686661,654,0
2613.8344962366464,29.089620796199846,17.476065555868807,78.52104868783215,655,0
1395.1794906543973,35.98926836130366,33.63631882624968,70.96681047680755,656,0
2836.286193418852,23.900411882978464,38.868873900973,83.90049968056253,657,0
2209.5095046830224,32.62299637762351,25.792382063189468,64.8343586222482,658,0
1647.4940721207956,37.89822606390916,3.9578614337286595,57.38769330124947,659,0
1972.115461171147,35.51931562867238,31.989481467964946,92.45422447800537,660,0
2279.163456260861,38.11971623497114,34.367385517335094,92.59059168443622,661,0
2038.0026957062057,30.93701992857514,34.042947549616976,63.91368480680015,662,0
2269.3779962231847,25.603469111212743,42.35782191822154,97.90710861525199,663,0
1539.663203460317,12.184273504822652,19.289463203509513,67.36844541669338,664,0
2084.680412018039,23.03150009496041,36.802161054504495,85.06330476075962,665,0
1293.1427515475098,18.254027237470467,41.92507512477975,96.40688025224912,666,0
1944.38696932565,42.367541739982514,12.214124159934833,79.32774870592574,667,0
1548.046179267605,23.592913500541307,33.19651825918977,89.09481824282268,668,0
1632.2350287051167,25.985638454275886,24.958201689923285,69.67140712224857,669,0
2618.0465876052185,29.41188300832374,29.18477326898354,76.07066833143806,670,0
2545.6550602971347,25.34881957097963,33.476764835383364,75.88281138239319,671,0
2304.5690604535885,38.560408323446026,25.127714358864477,65.06843306919522,672,0
1453.8436176637106,20.018805106124383,23.24291920838388,76.46451673768436,673,0
1841.7957751525992,26.55685964189794,30.341524174880245,49.02763402272507,674,0
2606.548849989592,19.060235314415614,19.127540611371973,70.1769250571579,675,0
2070.858456819952,14.439819910234354,19.141748711148146,74.30249013260658,676,0
3159.664769990847,20.105847272757718,36.79373282956503,74.8764049500924,677,0
2196.658919697186,24.703705623612702,18.51205964841344,75.17005108258442,678,0
2096.0245582450157,21.565582203861922,36.66312500909212,78.76471600279743,679,0
1845.4417678987493,19.46063216100915,34.62591292853951,89.58883036172128,680,0
2066.770452391141,13.74946029062533,12.741932712094034,97.49034148265045,681,0
1923.7650818097281,24.33515541897044,23.22435347664345,67.00469546303466,682,0
2354.054338344295,12.962237007751982,41.94109403047372,55.93598289221711,683,0
2478.3511583972922,31.08044770951682,20.188344688603184,59.15911175513794,684,0
1607.0052697460253,25.659518023476025,25.355957376906122,70.25594157610146,685,0
1334.3835232211109,13.339588004280555,34.62060893251896,72.96157364366982,686,0
1081.8973134483517,22.526327383601092,37.83390509282596,64.60007867605086,687,0
2253.995663456272,18.982748755275335,27.484611139555042,54.07766671500211,688,0
1448.3166969130632,27.553396083353444,24.024898053083582,70.87758345051624,689,0
923.5547035237585,35.723603568185155,44.223698616985075,83.62853240227943,690,0
2194.289302265482,9.998620242834043,47.388996637975794,91.90058931671129,691,0
3246.4997587163953,25.92020863317934,39.788580507817954,68.85153893783358,692,0
1996.9645442300534,23.718937635466876,30.85318142565024,71.74004355713132,693,0
2419.245387225821,30.370720611603726,21.917342783590737,61.466033823053785,694,0
2040.9146792737824,26.705573025901515,21.695555934434346,79.37121659250447,695,0
1950.5551734044286,18.98424534608945,35.22514105265758,63.03142731618371,696,0
2459.5382414938845,22.447568514667054,34.18398220888684,91.462556264824,697,0
1854.8627279056743,18.63179314557209,44.01598592946429,44.282670161317775,698,0
2133.6961570359513,33.608057108788785,36.50450092536139,72.80740655095076,699,0
2160.8489030980068,25.170493189375538,14.96919698240182,86.02214678383484,700,0
536.7669032645009,5.879322296037953,69.82858905440399,40.651719657143865,701,0
1038.6067327960993,10.566666977062136,71.39520714397294,44.52616745486179,702,0
569.9600049135815,12.948442682971763,63.90963463106581,20.836790809265803,703,0
299.18908063159796,11.211831679937559,58.02309597521388,21.6307929620372,704,0
480.9071505821854,5.811192590577772,68.71950779000092,28.596249410946637,705,0
144.75073330670966,9.084251951819308,9.35507829560629,33.076126681891964,706,0
483.8800501406478,4.120575368724056,73.64138980125263,24.75432986232949,707,0
333.3887885998482,9.717170933527028,62.52355807323934,43.52202678867144,708,0
683.0780551120324,9.351810238587616,55.550502064434696,34.24066861518451,709,0
390.091945080893,2.390550981403508,100.93724391439116,30.394470482407396,710,0
476.6468168409507,4.514648468262909,46.50131962418895,15.640904761314724,711,0
372.88843171911935,7.150583309768699,51.93848021869938,16.841841835724928,712,0
847.7702703706663,7.097420758577521,99.83106604409468,32.810092502818065,713,0
435.75144677641765,4.371569193743584,43.35877390300287,8.674043738451637,714,0
866.5114086958404,9.166936188056551,48.997694341269224,40.12637409644071,715,0
662.8303524236533,8.754420826821537,57.059491531383,28.418461556276796,716,0
596.4133454670772,7.417192604064442,76.81468964259099,62.430929695947334,717,0
573.746629463504,5.732625499524911,64.15605014706627,53.079162506161104,718,0
578.7594596432504,11.14612137924969,34.147493056954744,28.185509307524832,719,0
114.465484130878,12.966221339264886,49.356628737456205,28.936629974686852,720,0
444.2233211698487,6.549315548460388,47.85291133575577,39.9558151400203,721,0
669.0315942368643,6.163499248535538,58.455579095539086,47.031726099180375,722,0
490.22056330517887,9.473622996235989,68.51687317259658,13.619709425639833,723,0
218.962030639285,6.925911860759041,68.36411511775944,12.136245346453133,724,0
489.5191098845061,7.581808398010297,24.479764919031958,23.779651944456184,725,0
840.8211032510983,10.218959455174014,81.27881975121713,35.82737583173864,726,0
749.3783431069439,2.2719317374781216,65.05137691993247,34.968735905075974,727,0
487.5991981267936,11.954906974558007,87.69064095187812,40.6977145498385,728,0
690.2898554116173,8.218041572988025,68.88396654581344,18.003024716346918,729,0
426.69859592638966,6.765520566313459,82.02645915471524,6.838561370311233,730,0
159.2256826346562,7.732297537335653,69.33090622900254,38.58014195302145,731,0
315.1068023740891,7.887288065061556,86.92451512405496,21.718037270347654,732,0
812.5777537016395,2.806396089665224,70.44501272035558,9.815121356113622,733,0
445.2013836341392,12.484814682359708,58.041695071141916,31.450637459593818,734,0
451.3232041249964,8.123976896811856,105.44869440893763,37.931756882186775,735,0
440.0323607450239,9.329006391342126,77.78074244559784,28.779428678787227,736,0
880.8273179146014,10.854649311722127,71.47488842008826,25.421516138175107,737,0
825.1917830724126,4.936512627319099,34.47391166923328,28.406377678540935,738,0
943.7560466896268,9.420415697105685,34.233847650729246,26.294172375992172,739,0
468.1909579199897,7.197076727303619,65.85430964283707,16.51952888059833,740,0
559.124897749419,10.54031232564948,62.91042395536481,22.853193230095684,741,0
196.67149011584178,1.618317738945514,47.71754869983368,35.212799050138145,742,0
795.3868852236549,7.702717099276193,62.8196539922412,33.216785413765,743,0
266.444089746413,6.191538032648115,91.77253856087191,31.680598059668203,744,0
543.3551127525258,9.296788851902466,73.90804949100597,20.048515181466207,745,0
280.5394944734312,9.410132562104607,37.179829804945236,28.18496837864333,746,0
382.22663465226077,5.877122315533922,57.76982345714113,8.229349535571451,747,0
332.54751379005995,5.863478407471869,43.90067038294878,31.7847666388539,748,0
378.42494786483644,7.668003894328011,52.24600167182878,44.288577078135674,749,0
392.1754593702043,5.310073318054376,51.72768668740714,15.258678679578942,750,0
390.34624101498457,10.52595108635638,50.447088347919895,24.140723266822448,751,0
666.6667823560614,6.892378398657661,34.8972925605321,33.2910677871013,752,0
279.02744138749597,0.7209646579649238,57.446906369636196,42.528426344274834,753,0
544.1082854027734,6.875533830134581,48.7878472630538,25.517753836998505,754,0
743.5918304611116,4.884368537468083,1.411026199954641,23.077496707341037,755,0
397.3607270973208,3.1061725536171636,101.05944049003327,10.31076857583917,756,0
356.41622185047964,4.287720085332283,81.77539308433344,31.034381293081065,757,0
453.8950749639498,8.32822541549891,52.47398550150008,50.42076040143744,758,0
735.945041672142,11.985922484744695,60.37638099481197,32.77358461964676,759,0
538.8215261906715,8.93955342159494,36.56691305364876,29.777210208162867,760,0
393.7571410784803,6.18048983535278,93.91445755621731,33.22082310766986,761,0
596.7753302376079,9.367712585512109,97.94577389546222,29.88907996051398,762,0
279.5415700327153,6.622729069343025,63.133874564930494,21.869856277398704,763,0
636.2719020885896,5.916198892510566,80.47061288370689,38.232799156777055,764,0
581.7214615403535,4.536911995301047,63.505735578678475,32.25761523111754,765,0
438.4383057722232,2.744513579744843,33.26549122248139,30.176132519336573,766,0
332.2828403105538,6.830228880321664,51.763532620726856,20.246339727217503,767,0
322.66381554330854,8.474160469760395,62.63855933543914,43.03507931934759,768,0
606.963467269182,7.710128989955331,50.909045625131114,36.6470274533311,769,0
745.7961004978124,6.752099216157924,55.62693445129928,24.470791626326978,770,0
372.53845059424106,5.162761817909656,58.17200884981771,40.01824853681937,771,0
591.6773407102969,9.824738575054905,58.38243004269077,25.024291616147927,772,0
82.59459627958626,4.048604240160245,61.04516980994966,22.17996507488963,773,0
383.07645386856007,10.328083741530426,38.78789867206798,22.402968825197128,774,0
493.7882134258196,4.993348943219826,45.659677017441275,12.289314469119088,775,0
318.06331660363327,5.742694287940895,34.308314686000614,34.71542380418206,776,0
312.6987250420808,3.5996444281529687,79.55631099372401,11.6885512166165,777,0
366.4440887062228,6.49579355934309,17.887061163193508,17.715561687342372,778,0
558.4385456652747,10.925937375433936,83.0718068663385,9.244119909214668,779,0
462.53419631872504,9.546884265331869,87.72698794525687,29.13930307209107,780,0
52.35375333500559,10.935266336084105,53.95638826034757,28.49679539728128,781,0
75.85996947298679,9.566427637801807,7.937258243454025,26.73303786813636,782,0
378.6269644285649,4.688990514408893,52.77378876065419,19.574223053294237,783,0
591.5373172107104,7.007632327017328,58.716316774223614,18.2776624656336,784,0
49.50096854504693,5.659402612647612,39.78803560142173,34.64369863546574,785,0
400.0539647696739,11.99172471211712,49.695632123835146,24.494480682915125,786,0
394.75042869651577,4.409634060721065,90.60390397726702,33.16358321536145,787,0
777.6675556416895,10.681093068167332,73.29854324603482,21.147513138757773,788,0
422.99563765742727,10.678861610326308,41.508717712438,31.810627427710823,789,0
576.5977969481856,13.488860605148261,28.04801660809136,43.032780373160634,790,0
528.2514280174927,6.770940222111507,53.45965364780458,35.861658003927836,791,0
73.88670403855986,10.136966478740487,55.73086441299124,25.875861817835197,792,0
653.6414433263475,14.844955509616529,69.92398374726633,32.571989703559275,793,0
543.0793010912575,6.1470749691989095,49.293665748646816,27.59334825469787,794,0
601.6537279349179,3.3948792574029207,70.22999150723723,30.078801846947282,795,0
1285.2475412872654,2.3599698982767094,98.70308080120458,26.743889478514966,796,0
83.17741210028231,10.138136086583994,76.31002044888525,28.35664794114609,797,0
844.9393299522217,2.350549375824249,59.03822985338455,32.12093353074175,798,0
442.5104961199289,6.883042841186231,56.336990578934106,20.066413004180493,799,0
557.4657808806019,9.311939561116882,52.86653731640258,19.841211730100216,800,0
490.89755093975157,8.555526610489743,83.61281824904289,16.114574461687887,801,0
415.1527333203913,9.276334592552516,47.45373108097394,13.997288954962901,802,0
386.03341435224826,8.666869567402562,60.904454179999654,17.82717307779521,803,0
565.9017471146018,11.83659743994018,61.0239580376217,31.594625068041292,804,0
196.5652606656642,5.143050857783609,49.96431614376936,21.07212484508116,805,0
650.1158335043531,5.969014584624406,32.550689042317984,35.13614464231096,806,0
416.76111902294923,5.682021664187528,66.45949007235336,30.347137487525618,807,0
273.98613219192845,10.49057543558783,58.77992056289233,10.314957865619462,808,0
409.9974284008373,10.70119576518519,70.0048093887314,36.549755842216896,809,0
751.4298433725146,9.353675957955524,49.32799387121666,38.1079864559171,810,0
392.9329825967554,11.550481000669784,84.41642597626095,20.061373251651467,811,0
571.690723641924,4.465877397870858,42.464524375763105,34.20191542894992,812,0
353.8087448569054,13.00167233465341,94.24080568035785,21.43501762590801,813,0
651.5843699847239,12.569715865136775,25.047269803434766,30.976703767483354,814,0
637.1015477580409,10.20686599173724,68.69540129113783,17.355015930450342,815,0
869.7217666592824,13.34539672631318,69.50861365053247,12.068935474654232,816,0
464.8872109001569,3.030130376966678,44.088858641182355,26.171828103870315,817,0
633.7309609515813,6.426655591212045,68.48787875722024,28.76271053725164,818,0
519.6135079077889,5.794089617954143,85.59037339520317,26.02320306385396,819,0
759.1743563726029,10.16443797127203,15.663623212918708,18.159694417774404,820,0
356.2335224782539,4.849577781193563,70.05489614981629,26.00100937868863,821,0
649.0010625754562,10.272485448012457,10.134583593398446,32.69294752580734,822,0
461.0605407766637,12.11160843199014,40.68670392953584,29.55106969877463,823,0
487.16236457830047,10.085608700251997,92.5833272980189,31.825010305992134,824,0
518.3504968896746,8.851253070984503,48.36435933215892,23.29884799545767,825,0
550.4480792853354,5.036379977297752,36.52240071182055,41.717179147161595,826,0
476.75419137560834,5.459447101623907,56.04124542030636,18.238266634452195,827,0
542.9426366341053,11.74885671589,101.35812676327104,34.875602970867185,828,0
815.6236115124369,10.338047011715997,23.36635505587948,41.81891092959962,829,0
697.0899371230437,7.882941441867367,38.97380176721311,34.80908092748896,830,0
673.8309184993793,6.746271362702329,89.94863366359253,27.9747577293517,831,0
408.89209479522583,1.9225763806658698,97.15404687075466,24.71702953337021,832,0
322.15183435433516,4.787442743946683,57.93137551419432,40.36087651046256,833,0
691.0601116475506,13.73425726141917,35.218945949467155,15.770250747383269,834,0
675.2093585059588,4.1586332869925995,101.91687003618318,20.298757396203563,835,0
794.5341351501963,8.568439463663243,91.88884783498393,26.024422345082787,836,0
379.2038748061541,11.022331919585596,73.57893975524466,42.37653757511998,837,0
454.0902689279306,4.235231995993122,43.751953021251595,33.79767636040896,838,0
172.10316749491318,8.55413142434325,59.019413183239266,20.319542414897548,839,0
421.5057787878254,10.813746612531965,56.79279837910339,26.896922946150962,840,0
699.3141021158895,8.037497965721752,66.61702609231156,23.856768559037057,841,0
406.7009241543604,16.605209167000304,89.02002876262672,22.90211007766465,842,0
628.0959590401648,2.9942022233654146,77.58834082274807,39.78889558556779,843,0
461.8993788004377,11.176185589651636,38.45247846030483,16.282568707364945,844,0
564.8114056443121,7.481594787810607,87.52992900039075,46.087808557343735,845,0
270.46172203686655,10.315760464510024,66.26264280026311,38.28229690184623,846,0
517.0418899267802,9.323921455097738,73.74131591717833,40.90861670603698,847,0
98.22719418014469,5.80053140867001,89.33081718557206,25.370604879747418,848,0
462.62076836760303,8.68698917737802,37.76839500972898,28.500592809208907,849,0
173.90535125697198,2.426295645805139,59.28348842587074,15.66848185475288,850,0
741.1989033093632,9.809742501714181,49.3709089728157,24.75337592933197,851,0
655.4814705529022,8.894475397971577,28.642811492690882,34.93654847643151,852,0
593.3341963932162,9.915980505929307,66.93419955209839,42.96063061781396,853,0
804.201245431876,11.174354975261451,110.23113103168848,18.928431831975484,854,0
310.2166958350325,9.102859520629133,23.198445109884943,26.34494063014734,855,0
849.4726395831117,8.444268259394828,59.354387779010594,28.487007797674778,856,0
686.4383128520769,5.356794990016123,72.81085870149548,16.042107978075148,857,0
452.6889425562108,5.863337709052847,62.46156403312362,35.913492417584,858,0
727.1240294365888,11.560203860531992,57.73743894968519,22.76009668257391,859,0
278.74129751767316,12.309006217117936,34.01567273108351,28.04609648822976,860,0
335.09716769446527,7.2856686910638375,64.65573485880327,25.480506280881222,861,0
378.28205535205996,8.138008241759822,44.86472045968147,22.106614942803255,862,0
394.20445838719695,5.286156875018702,16.201565900428932,29.929550145194455,863,0
288.68847144794944,11.518270535802333,83.89184441027462,27.843904214319778,864,0
744.6166134190651,9.996250471075335,79.16771639684085,26.281421177213346,865,0
448.22911992603366,13.823652309391248,61.033219537021594,22.71538378319657,866,0
570.5009936713759,5.365030768460784,64.58149376411406,33.195246707829554,867,0
385.92972671726386,6.865976302945349,81.48636025431122,46.536172684922846,868,0
135.8793398902966,8.694337767576718,64.48679313556165,31.398872328391274,869,0
554.0114716782845,9.939468613177311,78.08035109522629,39.96118214911129,870,0
117.54900491604462,7.352997087357103,54.050355982523,16.097780748465375,871,0
486.2731907829063,5.381116728638899,86.23967477147893,31.577614392937694,872,0
226.3369922334379,10.644222586770713,66.41571451865367,19.026316810289334,873,0
897.4551998461616,10.163406087636744,63.88103887211748,15.230750724680986,874,0
682.2725444349444,5.251177698308825,34.59877822575936,22.606285925409637,875,0
521.1507582542961,12.066328403316486,65.73911708603417,41.91899334413573,876,0
752.7413355309337,11.51059612758981,43.360901650110975,39.500158286696454,877,0
330.7368045068528,8.402889491743379,47.23434546943012,32.430047220544,878,0
608.6958757340186,8.238793587128109,43.69248743367758,14.672994401100691,879,0
539.9620867437427,9.662173313347722,38.6753013620155,28.037193486120632,880,0
552.804016266734,5.414890789231226,102.49542806033924,33.01700008901736,881,0
754.4707000213535,8.090094437492246,86.62678123976806,31.75536229578598,882,0
646.4984205559605,1.542849366172459,98.40735004288523,11.562064165192542,883,0
557.7447325650046,10.629366936508806,35.54209960888872,21.09682151980128,884,0
169.02251275434077,3.3155203326744216,61.42507499821785,29.359222358512834,885,0
307.99074094410724,12.510259485286998,34.129847495918085,35.3629090951719,886,0
475.45821328085515,7.009639718100649,46.08610245605872,8.038721789000537,887,0
518.6744748553302,7.36499905420647,41.63746033166851,28.378760245201416,888,0
273.95925506521525,6.116798281746483,84.79168012883123,31.430487698789523,889,0
982.3353351156843,7.135883378233771,52.0754064379648,38.49611988516213,890,0
803.2788110507146,12.25559403544411,81.36758667388033,36.928575842374364,891,0
620.4236640784967,0.5365740303947621,72.08241779177035,35.82571318808805,892,0
514.407372256749,11.830896158264563,106.07277504209577,22.000594932980658,893,0
457.55820601976967,9.014070443305124,30.411115537205518,10.919978628766923,894,0
309.6163079955529,4.378935056428354,85.18466479573598,26.06947242938599,895,0
515.4961037037725,4.774062820852286,82.92881740801455,40.0163182520856,896,0
551.5505080285501,13.029179081624608,40.532423239459305,43.93454527524432,897,0
251.64788490367513,5.163479360171806,80.1426667294632,37.10549102297785,898,0
566.8352834489795,4.539948468212122,66.72289926052457,34.29340822801734,899,0
468.9481902350502,11.411943627094189,55.45047480093184,33.79639648385965,900,0
118.43848842452178,9.015658628857743,43.52129026056001,24.438812532392195,901,0
327.92299784409965,5.186223270390803,45.61781097101628,28.6993970644638,902,0
417.27889331567116,8.649874926213856,100.99624191571851,46.69069525826331,903,0
877.5375314680381,4.922741949079168,60.01365637914965,20.574419942081235,904,0
611.3106249067516,11.302464195267817,75.64260003062918,46.14778790709852,905,0
232.90368618002174,11.1841128946194,44.182012366648934,26.779718455079415,906,0
597.2072578835274,9.596018596465829,44.40294107556723,43.25432109095078,907,0
190.53920221232687,9.08498318374105,81.63969618499884,15.931849905024617,908,0
716.5382107774146,13.283564374602122,33.008475768969355,35.859042011646494,909,0
405.7750696364243,7.999058982164676,51.69572464189457,22.63229864052378,910,0
481.2727622521658,4.454377623737597,60.68054822144464,15.847328080758125,911,0
765.1593295084381,9.34842173849692,62.22745203680105,32.185340424109455,912,0
242.56728628315,14.25814114861134,56.41813429967687,40.09471788595969,913,0
220.57636297740174,4.955721520442443,67.91639562191847,21.550585614065035,914,0
383.28013473079903,6.915611699918043,73.85711511635623,15.009840395415988,915,0
707.6757702038633,9.249338114304358,74.6927509091866,29.081552356650448,916,0
196.13078490463153,7.838285452982783,40.283923826643466,29.12564671222819,917,0
66.43111962211378,5.053089258868056,54.316898041424054,35.483196275544984,918,0
409.7682283182003,11.365573568691413,83.89525723753876,39.495945713644886,919,0
610.3481599821841,14.960122166051779,77.89294375147745,29.40584818727506,920,0
740.0523499477658,8.588394377071722,32.542810970378724,48.55503314794263,921,0
407.3677275829202,5.287795130791999,67.02959800704403,32.24234744535292,922,0
417.71467857679954,3.3531184248395753,20.435495012503793,26.535734939931004,923,0
730.7801468511494,8.773927943663542,60.938698041207395,13.88432640897172,924,0
126.05166006091588,11.311632029948772,97.95534033491954,27.373404796838322,925,0
422.29584496339817,9.425503239486146,41.04214565462027,26.636130545888637,926,0
538.0847779850116,7.9927884772434385,43.31353909016836,39.6030479628147,927,0
589.8437442570068,6.2321850446320814,75.28059563145719,34.62483624066854,928,0
398.0386613618235,4.723509101845731,29.14396969580708,18.206308783673826,929,0
506.88820234116827,10.504253978974646,47.34489940229922,31.722543864110374,930,0
2.3345293174020867,10.741314864156756,71.92882275163505,36.71531171729053,931,0
368.35031753323034,3.362810639927801,47.31428304621194,45.280313593878326,932,0
590.7017425108935,12.769516934542052,55.28060025578057,38.875039674140595,933,0
303.5411931490641,9.722213662682003,74.8837142063007,37.60846654311478,934,0
511.79684431791947,12.19878393543738,68.43092167073122,30.600859946151637,935,0
589.3745001605396,3.973616754544655,65.33636792590804,33.883120054234496,936,0
431.490159828447,3.902527533753683,53.21755441459923,42.49504900706159,937,0
534.0927541993142,7.553092070698109,67.40122230537911,16.672226025203503,938,0
307.45348694307756,9.508353280685583,57.52534639800487,26.50560672783044,939,0
458.6777440607907,13.389082468780892,69.1561121985157,22.274312512437593,940,0
622.0432339178445,10.118236741445394,50.06135949764044,33.79153118726124,941,0
531.3945921936869,7.2719561695639,56.34862051240918,42.302221756507876,942,0
382.6937460872129,4.920892377002324,40.20084414895972,24.03025713278926,943,0
544.8432808581586,11.69000171815745,59.29984779987528,6.096956325305619,944,0
642.9219581273236,5.105883722747856,43.7799827274231,25.8777925497553,945,0
90.0117442845044,12.885405664316965,37.71907099676014,39.13473732017407,946,0
731.8148129911796,7.146846051180472,65.17322295710777,35.376299029498796,947,0
432.7490522637856,12.77174621785355,64.25479551715321,34.281862478105765,948,0
585.0979866480461,10.036793870177835,75.65747469897146,27.2000669812552,949,0
739.4493847290456,7.5890135316726255,51.37748860849802,17.209692637802135,950,0
225.66526055390682,6.441810884521621,68.16105693673512,35.15294321624467,951,0
358.1117995144907,6.97727636796176,71.01595144547326,21.65718189965375,952,0
442.29026082485905,9.284950077125712,68.8954761566319,51.840967333804564,953,0
343.2492957751143,8.23146948865315,43.48692634395716,35.70507208354516,954,0
846.9873151673617,6.218565775793884,62.98726964542378,24.19351697446049,955,0
328.64558123464144,7.503105769047103,67.28280592109323,23.886147526113717,956,0
388.89064410262665,8.235731089157449,60.14356933815884,29.070557933864116,957,0
540.8778063205954,1.6137977167555633,18.27044683257831,27.6049807797825,958,0
259.5700947847822,9.374504344366096,63.2097924794696,41.16833775529955,959,0
420.8638576487472,5.060836325849579,104.25062078794484,31.864161697440462,960,0
563.490652250035,4.540002790382765,52.79921462486035,22.68368261091472,961,0
433.42791912349776,2.937966958667869,45.43845804289358,48.90440685155782,962,0
481.32262822001036,2.6183225063963294,67.46697119422797,30.493083315202227,963,0
394.13357751032584,3.9336574906631325,66.24756420933143,37.68839675968897,964,0
197.1059381638466,5.872937127108528,83.85470330832828,23.91773492555241,965,0
564.3186422678477,13.859777412579705,34.842636881822244,33.631156277445236,966,0
850.9866143294482,6.422360972314388,74.62760505149984,33.11109991143195,967,0
503.6803261566876,8.533250318804093,71.80844122502927,11.103507079038472,968,0
545.0528234495099,9.201444159518985,57.15706926118908,50.1527511046064,969,0
638.5445510233719,8.393195558647546,66.7737463584338,42.906444609225474,970,0
246.13390069066017,7.767669617822019,80.58914963196715,26.028046838540124,971,0
840.5029316259211,4.414118709202266,77.44630760056901,18.977302595441444,972,0
540.4657592845604,12.352782644837635,37.13961375852543,33.47561613803552,973,0
826.3713798178218,13.421589930913655,76.40316373510969,30.866976994143965,974,0
353.39340089520215,2.9520239176319425,58.70622789934963,33.55668948563229,975,0
863.6123845115649,4.927914227340861,61.45748196031031,31.915773961940896,976,0
655.0310988069566,7.160568972868981,61.46393982003389,35.06240989305926,977,0
610.6080171704717,5.106386615269426,56.9951402240348,44.473056993918064,978,0
546.8048908706296,9.517896660367596,83.8341499421413,35.681032051286465,979,0
450.29427638511015,5.815183392780161,58.32564080301576,19.503445010900588,980,0
740.1063316947746,14.495168203419807,37.609077432336626,43.62562852712452,981,0
528.0719739696094,11.571645783030789,52.129402880605426,46.406145634882876,982,0
106.58605928256952,8.637722091896645,63.57389433620951,61.52056734512085,983,0
276.5627076585995,11.080958789959197,84.58429568594102,18.76505966760402,984,0
462.8308495614505,11.317701273071927,72.06189369897668,32.42882013150275,985,0
561.999796633111,6.30815753582527,42.98929442505912,9.17901296811013,986,0
488.68230222002086,5.551348266374106,109.70379833357782,35.53149156379209,987,0
743.7941579587326,8.234429188908942,65.2955062195596,24.517997018332274,988,0
109.77962719227503,10.584908373493832,85.50781475998029,49.23445794824953,989,0
528.717587301032,8.417181195960254,56.96571132845542,22.253850299814182,990,0
136.40415492256903,3.269010553427009,70.66718489410898,13.108169620327384,991,0
651.9424590968337,5.591526668147473,76.7893700903681,25.2873625929748,992,0
481.10825711159947,7.778081409216866,84.36389423508513,10.245122287828625,993,0
583.9219944048236,7.77300318702251,81.1473661075645,37.5109945450731,994,0
327.2234078820468,13.917626530369425,77.44394000145955,9.349169537436794,995,0
755.8929863315502,3.842036172803006,53.69826537611783,30.284575811831587,996,0
708.3449328117703,9.516767725507624,48.565079160878774,9.22188180143803,997,0
616.7088606023775,12.467339324984868,66.65215020648395,26.797021954633582,998,0
474.09655062731184,14.814349236268388,78.66256144682139,46.43378155804534,999,0
615.9714570590264,6.786807730448116,55.54558598446786,33.60647891435795,1000,0
